ISO3,total_req_yr,total_funded_yr,In Need_2024_AGR,In Need_2024_ALL,In Need_2024_CCM,In Need_2024_CSS,In Need_2024_EDU,In Need_2024_ERY,In Need_2024_FSC,In Need_2024_HEA,In Need_2024_LOG,In Need_2024_MS,In Need_2024_NUT,In Need_2024_PRO,In Need_2024_PRO-CPN,In Need_2024_PRO-GBV,In Need_2024_PRO-HLP,In Need_2024_PRO-MIN,In Need_2024_SHL,In Need_2024_WSH,Targeted_2024_AGR,Targeted_2024_ALL,Targeted_2024_CCM,Targeted_2024_CSS,Targeted_2024_EDU,Targeted_2024_ERY,Targeted_2024_FSC,Targeted_2024_HEA,Targeted_2024_LOG,Targeted_2024_MS,Targeted_2024_NUT,Targeted_2024_PRO,Targeted_2024_PRO-CPN,Targeted_2024_PRO-GBV,Targeted_2024_PRO-HLP,Targeted_2024_PRO-MIN,Targeted_2024_SHL,Targeted_2024_WSH,Reached_2024_AGR,Reached_2024_ALL,Reached_2024_CCM,Reached_2024_CSS,Reached_2024_EDU,Reached_2024_ERY,Reached_2024_FSC,Reached_2024_HEA,Reached_2024_LOG,Reached_2024_MS,Reached_2024_NUT,Reached_2024_PRO,Reached_2024_PRO-CPN,Reached_2024_PRO-GBV,Reached_2024_PRO-HLP,Reached_2024_PRO-MIN,Reached_2024_SHL,Reached_2024_WSH,In Need_2025_ALL,In Need_2025_CCM,In Need_2025_CSS,In Need_2025_EDU,In Need_2025_ERY,In Need_2025_FSC,In Need_2025_HEA,In Need_2025_LOG,In Need_2025_MPC,In Need_2025_MS,In Need_2025_NUT,In Need_2025_PRO,In Need_2025_PRO-CPN,In Need_2025_PRO-GBV,In Need_2025_PRO-HLP,In Need_2025_PRO-MIN,In Need_2025_SHL,In Need_2025_TEL,In Need_2025_WSH,Targeted_2025_ALL,Targeted_2025_CCM,Targeted_2025_CSS,Targeted_2025_EDU,Targeted_2025_ERY,Targeted_2025_FSC,Targeted_2025_HEA,Targeted_2025_LOG,Targeted_2025_MPC,Targeted_2025_MS,Targeted_2025_NUT,Targeted_2025_PRO,Targeted_2025_PRO-CPN,Targeted_2025_PRO-GBV,Targeted_2025_PRO-HLP,Targeted_2025_PRO-MIN,Targeted_2025_SHL,Targeted_2025_TEL,Targeted_2025_WSH,Reached_2025_ALL,Reached_2025_CCM,Reached_2025_CSS,Reached_2025_EDU,Reached_2025_ERY,Reached_2025_FSC,Reached_2025_HEA,Reached_2025_LOG,Reached_2025_MPC,Reached_2025_MS,Reached_2025_NUT,Reached_2025_PRO,Reached_2025_PRO-CPN,Reached_2025_PRO-GBV,Reached_2025_PRO-HLP,Reached_2025_PRO-MIN,Reached_2025_SHL,Reached_2025_TEL,Reached_2025_WSH,pooled_budget,pooled_dependency,combined_social_need,neglect_index,health_to_food_need_ratio,health_budget_per_person
AFG,2416811546.0,1006698560.0,,276071416.0,,,85320684.0,,175236970.0,201376304.0,,415000.0,82167831.0,421477660.0,113274864.0,149387038.0,74363960.0,49481210.0,85266587.0,242558670.0,,203607910.0,,,17794276.0,,175236970.0,145545909.0,,415000.0,58602704.0,125146170.0,57768401.0,24288179.0,7545760.0,21279633.0,27383609.0,114312315.0,,18400000.0,,,0.0,,0.0,0.0,,0.0,0.0,0.0,0.0,0.0,0.0,0.0,0.0,0.0,269679137.0,,0.0,91514443.0,,170406173.0,147946862.0,0.0,0.0,,79994190.0,415923138.0,106203117.0,144970022.0,41968239.0,56789648.0,69463348.0,,234743188.0,191497180.0,,0.0,8560238.0,,164277979.0,95288881.0,0.0,0.0,,51342858.0,103328765.0,38749708.0,23516262.0,4518919.0,21076851.0,15168320.0,,70330181.0,18100000.0,,0.0,0.0,,0.0,0.0,0.0,0.0,,0.0,0.0,0.0,0.0,0.0,0.0,0.0,,0.0,90900000.0,0.09029515250324785,1014235925.0,1.0074872104639871,0.8682013012040279,6.804460328435622
AGO,20227157.0,560874.0,,,,,,,,,,,,,,,,,,,,,,,,,,,,,,,,,,,,,,,,,,,,,,,,,,,,,,,,,,,,,,,,,,,,,,,,,,,,,,,,,,,,,,,,,,,,,,,,,,,,,,,,,,,,,,,,0.0,0.0,0.0,0.0,,
ARG,23236023.0,1071907.0,,,,,,,,,,,,,,,,,,,,,,,,,,,,,,,,,,,,,,,,,,,,,,,,,,,,,,,,,,,,,,,,,,,,,,,,,,,,,,,,,,,,,,,,,,,,,,,,,,,,,,,,,,,,,,,,0.0,0.0,0.0,0.0,,
ABW,5089340.0,90615.0,,,,,,,,,,,,,,,,,,,,,,,,,,,,,,,,,,,,,,,,,,,,,,,,,,,,,,,,,,,,,,,,,,,,,,,,,,,,,,,,,,,,,,,,,,,,,,,,,,,,,,,,,,,,,,,,0.0,0.0,0.0,0.0,,
BGD,35614832.0,15520973.0,,,,,,,,,,,,,,,,,,,,,,,,,,,,,,,,,,,,,,,,,,,,,,,,,,,,,,,,,,,,,,,,,,,,,,,,,,,,,,,,,,,,,,,,,,,,,,,,,,,,,,,,,,,,,,,,0.0,0.0,0.0,0.0,,
BEN,,8710406.0,,,,,,,,,,,,,,,,,,,,,,,,,,,,,,,,,,,,,,,,,,,,,,,,,,,,,,,,,,,,,,,,,,,,,,,,,,,,,,,,,,,,,,,,,,,,,,,,,,,,,,,,,,,,,,,,0.0,0.0,0.0,0.0,,
BOL,12187019.0,2880861.0,,,,,,,,,,,,,,,,,,,,,,,,,,,,,,,,,,,,,,,,,,,,,,,,,,,,,,,,,,,,,,,,,,,,,,,,,,,,,,,,,,,,,,,,,,,,,,,,,,,,,,,,,,,,,,,,0.0,0.0,0.0,0.0,,
BRA,113420823.0,16152670.0,,,,,,,,,,,,,,,,,,,,,,,,,,,,,,,,,,,,,,,,,,,,,,,,,,,,,,,,,,,,,,,,,,,,,,,,,,,,,,,,,,,,,,,,,,,,,,,,,,,,,,,,,,,,,,,,0.0,0.0,0.0,0.0,,
BGR,29882002.0,640000.0,,,,,,,,,,,,,,,,,,,,,,,,,,,,,,,,,,,,,,,,,,,,,,,,,,,,,,,,,,,,,,,,,,,,,,,,,,,,,,,,,,,,,,,,,,,,,,,,,,,,,,,,,,,,,,,,0.0,0.0,0.0,0.0,,
BFA,792565236.0,272684836.0,,51038030.0,8288685.0,,16036878.0,,27523189.0,25575124.0,,262233.0,10971042.0,27327511.0,14026217.0,9720183.0,13932946.0,12245126.0,20645111.0,25948763.0,,33922357.0,3613875.0,,6841002.0,,20780694.0,11759154.0,,262233.0,4241306.0,10051275.0,5362358.0,3889170.0,3932284.0,1428843.0,4425085.0,12709336.0,,1600000.0,0.0,,0.0,,0.0,0.0,,0.0,0.0,0.0,0.0,0.0,0.0,0.0,0.0,0.0,43180493.0,9456262.0,0.0,14348805.0,,20445339.0,14231351.0,,,287264.0,8847346.0,26351194.0,12936704.0,9651553.0,11035786.0,13389969.0,17469321.0,,19853562.0,26809300.0,3598275.0,0.0,5969125.0,,15677091.0,9395127.0,,,287264.0,4448235.0,9282099.0,5304476.0,3420361.0,3401237.0,1459643.0,4286894.0,,11933606.0,1800000.0,0.0,0.0,0.0,,0.0,0.0,,,0.0,0.0,0.0,0.0,0.0,0.0,0.0,0.0,,0.0,0.0,0.0,84064388.0,0.3082840576133685,0.696068199403874,19.160852461522982
BDI,132607381.0,42594889.0,,,,,,,,,,,,,,,,,,,,,,,,,,,,,,,,,,,,,,,,,,,,,,,,,,,,,,,,,,,,,,,,,,,,,,,,,,,,,,,,,,,,,,,,,,,,,,,,,,,,,,,,,,,,,,,,0.0,0.0,0.0,0.0,,
CMR,359298328.0,84320211.0,,16847628.0,,,7217877.0,,12524548.0,8286966.0,,,3174935.0,18621949.0,4870936.0,4824652.0,2342290.0,,1140295.0,11573340.0,,9197388.134,,,4812898.0,,5095409.0,5569644.0,,,1886160.0,11382070.0,2980406.9,2978770.9,1020741.0,,606773.0,7294075.0,,1850000.0,,,0.0,,0.0,0.0,,,0.0,0.0,0.0,0.0,0.0,,0.0,0.0,31953434.0,,0.0,14965500.0,,24838320.0,15114710.0,,0.0,5679710.0,5628390.0,35946081.0,11983370.0,11472180.0,8409950.0,,14316050.0,,21551140.0,19987742.0,,0.0,11260090.0,,10527510.0,10902630.0,,269899.0,4543680.0,3554410.0,15441140.0,5869320.0,6353310.0,3940430.0,,6864900.0,,13483680.0,800000.0,,0.0,0.0,,0.0,0.0,,0.0,0.0,0.0,0.0,0.0,0.0,0.0,,0.0,,0.0,0.0,0.0,76751407.0,0.910237358037003,0.60852382091366,5.578684964601705
CAF,326056578.0,125577046.0,,7759080.0,2467715.0,,3184004.0,,6939875.0,5289116.0,,,3375240.0,5334937.0,2365288.0,3459387.0,70000.0,870000.0,1456591.0,6109981.0,,5362172.0,1200984.0,,1009332.0,,4111652.0,2056018.0,,,1802676.0,3050925.0,867821.0,2594578.0,70000.0,870000.0,711961.0,2765415.0,,1500000.0,0.0,,0.0,,0.0,0.0,,,0.0,0.0,0.0,0.0,0.0,0.0,0.0,0.0,12201700.0,3534211.0,,4219145.0,,9138029.0,7648830.0,,34442.0,72000.0,3873681.0,6578315.0,2947548.0,4550648.0,,2577600.0,2005875.0,,8213296.0,8863164.0,2031904.0,,1714801.0,,5926994.0,3331479.0,,34442.0,62000.0,2626042.0,4280885.0,1379635.0,3112297.0,,820006.0,1461420.0,,4225449.0,720000.0,0.0,,0.0,,0.0,0.0,,0.0,0.0,0.0,0.0,0.0,0.0,,0.0,0.0,,0.0,18100000.0,0.14413462154540568,19316401.0,0.1538211119106822,0.8370327083627433,16.417808943615043
TCD,1454258243.0,436509852.0,,12019430.0,1077816.0,,3103302.0,,6479271.0,6343152.0,,,5163862.0,1023124.0,580870.0,549538.0,,,1077816.0,6727016.0,,9177634.0,813432.0,,930990.0,,4386244.0,3164475.0,,,4152482.0,798578.0,458412.0,432774.0,,,504350.0,2685250.0,,2200000.0,0.0,,0.0,,0.0,0.0,,,0.0,0.0,0.0,0.0,,,0.0,0.0,28196903.0,3074855.0,,6552542.0,,17828930.0,14243010.0,,0.0,6311998.0,11145184.0,2910325.0,928797.0,918662.0,,,3526749.0,,14452252.0,21902285.0,2457176.0,,2817596.0,,12091010.0,4519228.0,,419023.0,6311998.0,9563756.0,2251626.0,870569.0,819834.0,,,1640177.0,,7639195.0,2000000.0,0.0,,0.0,,0.0,0.0,,0.0,0.0,0.0,0.0,0.0,0.0,,,0.0,,0.0,0.0,0.0,13589293.0,0.03113169818872336,0.7988706670074611,30.647301472982083
CHL,80306084.0,2717100.0,,,,,,,,,,,,,,,,,,,,,,,,,,,,,,,,,,,,,,,,,,,,,,,,,,,,,,,,,,,,,,,,,,,,,,,,,,,,,,,,,,,,,,,,,,,,,,,,,,,,,,,,,,,,,,,,0.0,0.0,0.0,0.0,,
COL,467231247.0,45942202.0,,41535639.0,,,17602342.0,27114743.0,36619746.0,29217154.0,,,,25777201.0,2013023.0,3047126.0,,607910.0,19327299.0,22319436.0,,8631312.0,,,904722.0,469965.0,4327992.0,3918486.0,,,,6433375.0,238158.0,337743.0,,124040.0,995043.0,1477989.0,,1200000.0,,,0.0,0.0,0.0,0.0,,,,0.0,0.0,0.0,,0.0,0.0,0.0,44425812.0,,,9010233.0,12865497.0,24541695.0,18041222.0,,0.0,,,16431668.0,6480495.0,9844227.0,,2065431.0,11926891.0,,12781338.0,9848434.0,,,1081150.0,388928.0,2631663.0,1902514.0,,31208.0,,,3583076.0,455482.0,725110.0,,238442.0,477788.0,,1345432.0,890000.0,,,0.0,0.0,0.0,0.0,,0.0,,,0.0,0.0,0.0,,0.0,0.0,,0.0,0.0,0.0,68821444.0,1.4980005203494486,0.7351253148926626,2.546512617243299
COG,22496182.0,31046905.0,,,,,,,,,,,,,,,,,,,,,,,,,,,,,,,,,,,,,,,,,,,,,,,,,,,,,,,,,,,,,,,,,,,,,,,,,,,,,,,,,,,,,,,,,,,,,,,,,,,,,,,,,,,,,,,,0.0,0.0,0.0,0.0,,
CRI,18903343.0,695934.0,,,,,,,,,,,,,,,,,,,,,,,,,,,,,,,,,,,,,,,,,,,,,,,,,,,,,,,,,,,,,,,,,,,,,,,,,,,,,,,,,,,,,,,,,,,,,,,,,,,,,,,,,,,,,,,,0.0,0.0,0.0,0.0,,
CUB,,23986145.0,,,,,,,,,,,,,,,,,,,,,,,,,,,,,,,,,,,,,,,,,,,,,,,,,,,,,,,,,,,,,,,,,,,,,,,,,,,,,,,,,,,,,,,,,,,,,,,,,,,,,,,,,,,,,,,,0.0,0.0,0.0,0.0,,
CUW,4720075.0,76392.0,,,,,,,,,,,,,,,,,,,,,,,,,,,,,,,,,,,,,,,,,,,,,,,,,,,,,,,,,,,,,,,,,,,,,,,,,,,,,,,,,,,,,,,,,,,,,,,,,,,,,,,,,,,,,,,,0.0,0.0,0.0,0.0,,
CZE,41124168.0,1949544.0,,,,,,,,,,,,,,,,,,,,,,,,,,,,,,,,,,,,,,,,,,,,,,,,,,,,,,,,,,,,,,,,,,,,,,,,,,,,,,,,,,,,,,,,,,,,,,,,,,,,,,,,,,,,,,,,0.0,0.0,0.0,0.0,,
CIV,,26685786.0,,,,,,,,,,,,,,,,,,,,,,,,,,,,,,,,,,,,,,,,,,,,,,,,,,,,,,,,,,,,,,,,,,,,,,,,,,,,,,,,,,,,,,,,,,,,,,,,,,,,,,,,,,,,,,,,0.0,0.0,0.0,0.0,,
COD,2538016151.0,669859519.0,,185404631.0,2284506.0,0.0,4715979.30904508,,76193688.0,58850789.0,0.0,5685627.0,25256734.0,46178766.0,11962851.0,23242509.0,5982237.0,3721347.0,22527984.3,20601213.0,,63525961.0,1462083.0,0.0,1938534.58326724,,21666980.0,26106554.7525,40000.0,3039767.0,9522597.0,16664985.0,5586813.0,3544170.0,2153811.0,1853592.0,8320584.655,12975873.0,,7100000.0,0.0,0.0,0.0,,0.0,0.0,0.0,0.0,0.0,0.0,0.0,0.0,0.0,0.0,0.0,0.0,148692621.075534,9002263.0,,13081826.0,,123277746.0,90549744.0,,0.0,4734456.0,45305211.0,90093444.0,28046536.0,43496332.0,18181132.0,16939775.0,28248159.0,,43516525.0,68442038.0,6751719.0,,4603154.0,,51245593.0,42005691.19916465,,15059323.0,4006304.0,20489532.0,34016245.0,13203183.0,7699973.0,4953711.0,8662518.0,12584874.0,,34751642.0,9100000.0,0.0,,0.0,,0.0,0.0,,0.0,0.0,0.0,0.0,0.0,0.0,0.0,0.0,0.0,,0.0,43351831.0,0.06471779495604958,154070015.30904508,0.2300034719354964,0.734518160848608,7.397696360160926
DJI,11691000.0,9514282.0,,,,,,,,,,,,,,,,,,,,,,,,,,,,,,,,,,,,,,,,,,,,,,,,,,,,,,,,,,,,,,,,,,,,,,,,,,,,,,,,,,,,,,,,,,,,,,,,,,,,,,,,,,,,,,,,0.0,0.0,0.0,0.0,,
DOM,10727500.0,1663128.0,,,,,,,,,,,,,,,,,,,,,,,,,,,,,,,,,,,,,,,,,,,,,,,,,,,,,,,,,,,,,,,,,,,,,,,,,,,,,,,,,,,,,,,,,,,,,,,,,,,,,,,,,,,,,,,,0.0,0.0,0.0,0.0,,
ECU,229690772.0,16691504.0,,,,,,,,,,,,,,,,,,,,,,,,,,,,,,,,,,,,,,,,,,,,,,,,,,,,,,,,,,,,,,,,,,,,,,,,,,,,,,,,,,,,,,,,,,,,,,,,,,,,,,,,,,,,,,,,0.0,0.0,0.0,0.0,,
EGY,237689497.0,6728121.0,,,,,,,,,,,,,,,,,,,,,,,,,,,,,,,,,,,,,,,,,,,,,,,,,,,,,,,,,,,,,,,,,,,,,,,,,,,,,,,,,,,,,,,,,,,,,,,,,,,,,,,,,,,,,,,,0.0,0.0,0.0,0.0,,
SLV,66923449.0,18644495.0,,1119198.0,16023.0,,472501.0,,942108.0,288528.0,,,227102.0,754666.0,180672.0,676343.0,,,317161.0,807903.0,,506214.0,14170.0,,57000.0,,235527.0,110072.0,,,70000.0,341763.0,84611.0,115000.0,,,6200.0,170588.0,,86500.0,0.0,,0.0,,0.0,0.0,,,0.0,0.0,0.0,0.0,,,0.0,0.0,4143280.0,147184.0,,939273.0,,3702090.0,1019245.0,,,,624881.0,2233699.0,536382.0,3156402.0,,,1565749.0,,2972402.0,2062032.0,75829.0,,140890.0,,425898.0,430797.0,,,,187500.0,641370.0,209301.0,525048.0,,,32641.0,,650541.0,41000.0,0.0,,0.0,,0.0,0.0,,,,0.0,0.0,0.0,0.0,,,0.0,,0.0,0.0,0.0,4400139.0,0.2360020351314404,0.27531603085931705,18.292438724311893
ERI,,4361365.0,,,,,,,,,,,,,,,,,,,,,,,,,,,,,,,,,,,,,,,,,,,,,,,,,,,,,,,,,,,,,,,,,,,,,,,,,,,,,,,,,,,,,,,,,,,,,,,,,,,,,,,,,,,,,,,,0.0,0.0,0.0,0.0,,
ETH,19002155.0,2767588.0,98045476.4284213,21360484.0,13227168.799877994,0.0,75173872.6708,,114137452.40094708,117801547.13643986,,0.0,35705061.357233904,148792635.05136135,54538516.82569823,51645415.87178445,31886928.594131857,54291028.83080832,26263422.524126306,110397169.8159417,59435309.6266352,15467955.0,7924635.474030731,0.0,21232619.91248469,,74977114.7873118,48558854.567116484,,1400000.0,24936075.11444415,55161902.98140475,17331074.469985962,17469163.008757744,6375082.91839123,5642502.237583035,23767845.382994425,63945226.977265656,0.0,12800000.0,0.0,0.0,0.0,,0.0,0.0,,0.0,0.0,0.0,0.0,0.0,0.0,0.0,0.0,0.0,,,,,,,,,,,,,,,,,,,,,,,,,,,,,,,,,,,,,,,,,,,,,,,,,,,,,,,,,,44500000.0,16.078982854384396,223966507.72216135,80.92477160523522,,
FJI,,1701026.0,,,,,,,,,,,,,,,,,,,,,,,,,,,,,,,,,,,,,,,,,,,,,,,,,,,,,,,,,,,,,,,,,,,,,,,,,,,,,,,,,,,,,,,,,,,,,,,,,,,,,,,,,,,,,,,,0.0,0.0,0.0,0.0,,
GMB,,9591903.0,,,,,,,,,,,,,,,,,,,,,,,,,,,,,,,,,,,,,,,,,,,,,,,,,,,,,,,,,,,,,,,,,,,,,,,,,,,,,,,,,,,,,,,,,,,,,,,,,,,,,,,,,,,,,,,,0.0,0.0,0.0,0.0,,
GHA,,12906049.0,,,,,,,,,,,,,,,,,,,,,,,,,,,,,,,,,,,,,,,,,,,,,,,,,,,,,,,,,,,,,,,,,,,,,,,,,,,,,,,,,,,,,,,,,,,,,,,,,,,,,,,,,,,,,,,,0.0,0.0,0.0,0.0,,
GRC,,2013823.0,,,,,,,,,,,,,,,,,,,,,,,,,,,,,,,,,,,,,,,,,,,,,,,,,,,,,,,,,,,,,,,,,,,,,,,,,,,,,,,,,,,,,,,,,,,,,,,,,,,,,,,,,,,,,,,,0.0,0.0,0.0,0.0,,
GRD,,97658.0,,,,,,,,,,,,,,,,,,,,,,,,,,,,,,,,,,,,,,,,,,,,,,,,,,,,,,,,,,,,,,,,,,,,,,,,,,,,,,,,,,,,,,,,,,,,,,,,,,,,,,,,,,,,,,,,0.0,0.0,0.0,0.0,,
GTM,100563396.0,24992697.0,,5300000.0,1471822.0,,1663608.0,,21392532.0,4110816.0,,,8135328.0,8810745.0,3463410.0,3565216.0,,,,5909641.74,,2500000.0,732417.0,,660000.0,,3205000.0,1643672.0,,,3254012.0,1430434.0,1078528.0,517500.0,,,,3088655.0,,497000.0,0.0,,0.0,,0.0,0.0,,,0.0,0.0,0.0,0.0,,,,0.0,10819765.0,568344.0,0.0,1387497.0,,6367921.0,2693654.0,,,,4739087.0,8711024.0,2029875.0,5833074.0,,,,,2142344.0,5904672.0,456980.0,0.0,416467.0,,883383.0,697071.0,,,,1464822.0,3248357.0,601028.0,382500.0,,,,,990487.0,275000.0,0.0,0.0,0.0,,0.0,0.0,,,,0.0,0.0,0.0,0.0,,,,,0.0,0.0,0.0,20572874.0,0.8231553872255009,0.4230036109110633,9.278358587124186
GIN,,3341849.0,,,,,,,,,,,,,,,,,,,,,,,,,,,,,,,,,,,,,,,,,,,,,,,,,,,,,,,,,,,,,,,,,,,,,,,,,,,,,,,,,,,,,,,,,,,,,,,,,,,,,,,,,,,,,,,,0.0,0.0,0.0,0.0,,
GUY,9886876.0,110279.0,,,,,,,,,,,,,,,,,,,,,,,,,,,,,,,,,,,,,,,,,,,,,,,,,,,,,,,,,,,,,,,,,,,,,,,,,,,,,,,,,,,,,,,,,,,,,,,,,,,,,,,,,,,,,,,,0.0,0.0,0.0,0.0,,
HTI,908159989.0,236379498.0,,27897293.0,1508005.0,,5955353.0,,31039684.0,23445484.0,,0.0,5347785.0,7812121.0,3761953.0,8198281.0,,,22238663.0,23849263.0,,18257413.0,854112.0,,3870986.0,,17501958.5,9382142.0,,0.0,4116697.0,3985955.0,1705205.0,4203458.0,,,3042598.0,11825708.0,,1900000.0,0.0,,0.0,,0.0,0.0,,0.0,0.0,0.0,0.0,0.0,,,0.0,0.0,42985706.0,7698093.0,,10615196.0,,40408200.0,29502365.0,,0.0,,5852460.0,5542155.0,6686896.0,6143277.0,,,26594083.0,,26975689.0,28673844.0,2427530.0,,7294883.0,,25083960.0,13957761.0,,252225.0,,4529570.0,3161179.0,4968228.0,3330756.0,,,3834706.0,,12895195.0,2200000.0,0.0,,0.0,,0.0,0.0,,0.0,,0.0,0.0,0.0,0.0,,,0.0,,0.0,4500000.0,0.01903718401161847,29924825.0,0.12659653280676425,0.7301083510250803,8.0122217316401
HND,138491372.0,15576631.0,,2800000.0,1119140.0,,419772.0,,1435718.0,6731453.0,,,437398.0,1304626.0,543960.0,997174.0,,,,1593377.0,,1300000.0,447650.0,,209886.0,,900000.0,1817314.0,,,219000.0,430000.0,245000.0,259491.0,,,,560000.0,,470000.0,0.0,,0.0,,0.0,0.0,,,0.0,0.0,0.0,0.0,,,,0.0,8310899.0,2087917.0,,2052116.0,,4983514.0,3427488.0,,,,1857852.0,4758058.0,2133421.0,3521529.0,,,,,4743707.0,4065765.0,879285.0,,931334.0,,1677881.0,1415537.0,,,,880523.0,1560689.0,997172.0,722712.0,,,,,1836408.0,132000.0,0.0,,0.0,,0.0,0.0,,,,0.0,0.0,0.0,0.0,,,,,0.0,0.0,0.0,8534572.0,0.5479086878344432,0.687765161738251,4.544618815698606
IDN,,15245858.0,,,,,,,,,,,,,,,,,,,,,,,,,,,,,,,,,,,,,,,,,,,,,,,,,,,,,,,,,,,,,,,,,,,,,,,,,,,,,,,,,,,,,,,,,,,,,,,,,,,,,,,,,,,,,,,,0.0,0.0,0.0,0.0,,
IRN,263236972.0,20699119.0,,,,,,,,,,,,,,,,,,,,,,,,,,,,,,,,,,,,,,,,,,,,,,,,,,,,,,,,,,,,,,,,,,,,,,,,,,,,,,,,,,,,,,,,,,,,,,,,,,,,,,,,,,,,,,,,0.0,0.0,0.0,0.0,,
IRQ,,97913975.0,,,,,,,,,,,,,,,,,,,,,,,,,,,,,,,,,,,,,,,,,,,,,,,,,,,,,,,,,,,,,,,,,,,,,,,,,,,,,,,,,,,,,,,,,,,,,,,,,,,,,,,,,,,,,,,,0.0,0.0,0.0,0.0,,
JOR,911250694.0,156242509.0,,,,,,,,,,,,,,,,,,,,,,,,,,,,,,,,,,,,,,,,,,,,,,,,,,,,,,,,,,,,,,,,,,,,,,,,,,,,,,,,,,,,,,,,,,,,,,,,,,,,,,,,,,,,,,,,0.0,0.0,0.0,0.0,,
KEN,14054077.0,1258026.0,,,,,,,,,,,,,,,,,,,,,,,,,,,,,,,,,,,,,,,,,,,,,,,,,,,,,,,,,,,,,,,,,,,,,,,,,,,,,,,,,,,,,,,,,,,,,,,,,,,,,,,,,,,,,,,,0.0,0.0,0.0,0.0,,
PRK,,2383644.0,,,,,,,,,,,,,,,,,,,,,,,,,,,,,,,,,,,,,,,,,,,,,,,,,,,,,,,,,,,,,,,,,,,,,,,,,,,,,,,,,,,,,,,,,,,,,,,,,,,,,,,,,,,,,,,,0.0,0.0,0.0,0.0,,
KGZ,,11076152.0,,,,,,,,,,,,,,,,,,,,,,,,,,,,,,,,,,,,,,,,,,,,,,,,,,,,,,,,,,,,,,,,,,,,,,,,,,,,,,,,,,,,,,,,,,,,,,,,,,,,,,,,,,,,,,,,0.0,0.0,0.0,0.0,,
LAO,,9152380.0,,,,,,,,,,,,,,,,,,,,,,,,,,,,,,,,,,,,,,,,,,,,,,,,,,,,,,,,,,,,,,,,,,,,,,,,,,,,,,,,,,,,,,,,,,,,,,,,,,,,,,,,,,,,,,,,0.0,0.0,0.0,0.0,,
LBN,371357000.0,288678888.0,,,,,,,,,,,,,,,,,,,,,,,,,,,,,,,,,,,,,,,,,,,,,,,,,,,,,,,,,,,,,,,,,,,,,,,,,,,,,,,,,,,,,,,,,,,,,,,,,,,,,,,,,,,,,,,,35150000.0,0.12176158860636875,0.0,0.0,,
LSO,,4262153.0,,,,,,,,,,,,,,,,,,,,,,,,,,,,,,,,,,,,,,,,,,,,,,,,,,,,,,,,,,,,,,,,,,,,,,,,,,,,,,,,,,,,,,,,,,,,,,,,,,,,,,,,,,,,,,,,0.0,0.0,0.0,0.0,,
LBR,,350552.0,,,,,,,,,,,,,,,,,,,,,,,,,,,,,,,,,,,,,,,,,,,,,,,,,,,,,,,,,,,,,,,,,,,,,,,,,,,,,,,,,,,,,,,,,,,,,,,,,,,,,,,,,,,,,,,,0.0,0.0,0.0,0.0,,
LBY,106632000.0,14022374.0,,,,,,,,,,,,,,,,,,,,,,,,,,,,,,,,,,,,,,,,,,,,,,,,,,,,,,,,,,,,,,,,,,,,,,,,,,,,,,,,,,,,,,,,,,,,,,,,,,,,,,,,,,,,,,,,0.0,0.0,0.0,0.0,,
MDG,,48393757.0,,,,,,,,,,,,,,,,,,,,,,,,,,,,,,,,,,,,,,,,,,,,,,,,,,,,,,,,,,,,,,,,,,,,,,,,,,,,,,,,,,,,,,,,,,,,,,,,,,,,,,,,,,,,,,,,0.0,0.0,0.0,0.0,,
MWI,57478430.0,22578191.0,,,,,,,,,,,,,,,,,,,,,,,,,,,,,,,,,,,,,,,,,,,,,,,,,,,,,,,,,,,,,,,,,,,,,,,,,,,,,,,,,,,,,,,,,,,,,,,,,,,,,,,,,,,,,,,,0.0,0.0,0.0,0.0,,
MLI,771314315.0,189699954.0,,35535990.0,,,11537740.0,,6938610.0,17595494.0,,0.0,16703927.0,8982101.0,2601408.0,3644430.0,2167594.0,2830523.9852,9909820.0,16057175.0,,20407060.0,,,8890418.0,,2012686.0,10557296.0,,349504.0,12472006.0,5590988.0,1573861.0,2004436.0,837826.0,1960261.0,2635641.0,11920602.0,,1500000.0,,,0.0,,0.0,0.0,,0.0,0.0,0.0,0.0,0.0,0.0,0.0,0.0,0.0,32157658.0,,,9050813.0,,8725967.0,18714846.0,,0.0,837585.0,14191493.0,14671704.0,5061396.0,6767234.0,3201861.0,4034535.0,11675297.0,,16280139.0,23545059.0,,,8435467.0,,6980775.0,12276841.0,,5358601.0,670317.0,11353189.0,7991460.0,2427990.0,2803005.0,1248725.0,3025900.0,3862620.0,,9407222.0,1800000.0,,,0.0,,0.0,0.0,,0.0,0.0,0.0,0.0,0.0,0.0,0.0,0.0,0.0,,0.0,0.0,0.0,44242358.0,0.23322281758053132,2.1447300746461595,10.136334750692859
MRT,,34815990.0,,,,,,,,,,,,,,,,,,,,,,,,,,,,,,,,,,,,,,,,,,,,,,,,,,,,,,,,,,,,,,,,,,,,,,,,,,,,,,,,,,,,,,,,,,,,,,,,,,,,,,,,,,,,,,,,0.0,0.0,0.0,0.0,,
MEX,23304526.0,6120992.0,,,,,,,,,,,,,,,,,,,,,,,,,,,,,,,,,,,,,,,,,,,,,,,,,,,,,,,,,,,,,,,,,,,,,,,,,,,,,,,,,,,,,,,,,,,,,,,,,,,,,,,,,,,,,,,,0.0,0.0,0.0,0.0,,
MDA,205507394.0,53691328.0,,,,,,,,,,,,,,,,,,,,,,,,,,,,,,,,,,,,,,,,,,,,,,,,,,,,,,,,,,,,,,,,,,,,,,,,,,,,,,,,,,,,,,,,,,,,,,,,,,,,,,,,,,,,,,,,0.0,0.0,0.0,0.0,,
MNG,,1870367.0,,,,,,,,,,,,,,,,,,,,,,,,,,,,,,,,,,,,,,,,,,,,,,,,,,,,,,,,,,,,,,,,,,,,,,,,,,,,,,,,,,,,,,,,,,,,,,,,,,,,,,,,,,,,,,,,0.0,0.0,0.0,0.0,,
MOZ,133082917.0,9769335.0,,10157069.4006448,704206.0,,5580853.146,,11648791.937,1232568.0,0.0,,624646.0,30690698.0,6666636.0,6284125.0,3994432.0,,1639572.0,16531963.0,,7484605.507734,814800.0,,3814322.257,,8673411.411,1070475.0,0.0,,487123.0,17321610.55,3107234.618,2943662.0,1748379.34,,477317.0,11410370.0,,1606673.0,0.0,,0.0,,0.0,0.0,0.0,,0.0,0.0,0.0,0.0,0.0,,0.0,0.0,3915087.0,2233059.0,,1378328.0,,4166617.0,2893398.0,,,,1073936.0,5359918.0,3724804.0,2664519.0,1122148.0,,3873582.0,,5359521.0,3291288.0,1325976.0,,1295873.0,,3828429.0,1805252.0,,,,1283936.0,2605192.0,2002530.0,2094426.0,295599.0,,1982120.0,,4371989.0,1105000.0,0.0,,0.0,,0.0,0.0,,,,0.0,0.0,0.0,0.0,0.0,,0.0,,0.0,0.0,0.0,43009797.146,4.402530238083735,0.6944236308680085,3.3764216411217394
MMR,1137811569.0,200050333.0,,222240074.0,,,54007306.0,,154307696.0,144110368.0,,,26291700.0,270291920.0,95472313.0,75109909.0,,64632601.0,51108198.0,56502919.0,,63948250.0,,,16291139.0,,27269502.0,32615045.0,,,7524965.0,68411477.0,23762347.0,16989981.0,,24457858.0,15997525.0,20025290.0,,3900000.0,,,0.0,,0.0,0.0,,,0.0,0.0,0.0,0.0,,0.0,0.0,0.0,219710870.0,,0.0,54977847.0,,166960415.0,141581174.0,,0.0,,34574438.0,140715304.0,105735793.0,105963286.0,,88244109.0,62691473.0,,78346275.0,61669882.0,,5525241.0,14891095.0,,20916327.0,26980728.0,,2469324.0,,7649891.0,48885939.0,26425763.0,23017963.0,,13394187.0,28537995.0,,25520516.0,1000000.0,,0.0,0.0,,0.0,0.0,,0.0,,0.0,0.0,0.0,0.0,,0.0,0.0,,0.0,36000000.0,0.17995471169748065,519992377.0,2.5993077172268055,0.8479924606800213,1.4129726851044992
NAM,,5308153.0,,,,,,,,,,,,,,,,,,,,,,,,,,,,,,,,,,,,,,,,,,,,,,,,,,,,,,,,,,,,,,,,,,,,,,,,,,,,,,,,,,,,,,,,,,,,,,,,,,,,,,,,,,,,,,,,0.0,0.0,0.0,0.0,,
NPL,,16813795.0,,,,,,,,,,,,,,,,,,,,,,,,,,,,,,,,,,,,,,,,,,,,,,,,,,,,,,,,,,,,,,,,,,,,,,,,,,,,,,,,,,,,,,,,,,,,,,,,,,,,,,,,,,,,,,,,0.0,0.0,0.0,0.0,,
NIC,,1183603.0,,,,,,,,,,,,,,,,,,,,,,,,,,,,,,,,,,,,,,,,,,,,,,,,,,,,,,,,,,,,,,,,,,,,,,,,,,,,,,,,,,,,,,,,,,,,,,,,,,,,,,,,,,,,,,,,0.0,0.0,0.0,0.0,,
NER,603027582.0,156816763.0,,13558774.0,,,5391135.0,,10275527.0,8344734.0,,,11744614.0,8845642.0,5102207.0,4858427.0,4868945.0,3363520.0,4964670.0,10355546.0,,8254736.0,,,3243124.0,,7825994.0,6675783.0,,,6528239.0,4599730.0,3064330.0,2477803.0,1460685.0,1214626.0,3542060.0,4116684.0,,3000000.0,,,0.0,,0.0,0.0,,,0.0,0.0,0.0,0.0,0.0,0.0,0.0,0.0,7740986.0,,,6259200.0,,3833637.0,3357930.0,,0.0,,2161052.0,6015074.0,3672566.0,3916796.0,3274245.0,672704.0,4425930.0,,5455916.0,6396333.0,,,2943959.0,,3833637.0,2965473.0,,11960.0,,1387963.0,4404781.0,2406001.223,2071909.0,1630234.0,242925.0,4190344.88,,4458837.0,844290.0,,,0.0,,0.0,0.0,,0.0,,0.0,0.0,0.0,0.0,0.0,0.0,0.0,,0.0,0.0,0.0,26511051.0,0.16905750586716609,0.8759121231582117,46.700412545701504
NGA,910246471.0,284691216.0,,39726820.0,12436345.0,780.0,7769320.0,6938605.0,21914070.0,26714485.0,100000.0,42502.0,18871520.0,25953393.0,10103882.0,11303348.0,8029911.0,9170936.0,15217570.0,25222165.0,,22164378.0,8320418.0,780.0,4939223.0,2091719.0,16268393.0,29309397.0,60000.0,42502.0,10249576.0,15041274.0,6071870.0,6601890.0,3103216.316,2831640.0,10468216.0,24704125.0,,3200000.0,0.0,0.0,0.0,0.0,0.0,0.0,0.0,0.0,0.0,0.0,0.0,0.0,0.0,0.0,0.0,0.0,39235240.0,12868137.0,780.0,8244020.0,8778627.0,25765740.0,24654465.0,,42502.0,0.0,19127655.0,19806970.0,9847737.0,9146394.0,4483296.0,9101806.0,17065237.0,,26006702.0,17920535.0,7155616.0,780.0,4670429.0,2426311.0,14022367.0,15793597.0,,42502.0,520000.0,11393539.0,9563352.0,5222631.0,5499686.0,1841932.0,2736517.0,7652802.0,,12806431.0,1600000.0,0.0,0.0,0.0,0.0,0.0,0.0,,0.0,0.0,0.0,0.0,0.0,0.0,0.0,0.0,0.0,,0.0,19600000.0,0.0688465217697479,61773703.0,0.21698492721677465,0.9568700158865991,11.54724730196955
PSE,4073058682.0,2529405746.0,,,,,,,,,,,,,,,,,,,,,,,,,,,,,,,,,,,,,,,,,,,,,,,,,,,,,,,,,,,,,,,,,,,,,,,,,,,,,,,,,,,,,,,,,,,,,,,,,,,,,,,,,,,,,,,,105310000.0,0.04163428511480894,0.0,0.0,,
PAK,85687180.0,56703600.0,,,,,,,,,,,,,,,,,,,,,,,,,,,,,,,,,,,,,,,,,,,,,,,,,,,,,,,,,,,,,,,,,,,,,,,,,,,,,,,,,,,,,,,,,,,,,,,,,,,,,,,,,,,,,,,,0.0,0.0,0.0,0.0,,
PAN,18812451.0,2250002.0,,,,,,,,,,,,,,,,,,,,,,,,,,,,,,,,,,,,,,,,,,,,,,,,,,,,,,,,,,,,,,,,,,,,,,,,,,,,,,,,,,,,,,,,,,,,,,,,,,,,,,,,,,,,,,,,0.0,0.0,0.0,0.0,,
PRY,4536485.0,137236.0,,,,,,,,,,,,,,,,,,,,,,,,,,,,,,,,,,,,,,,,,,,,,,,,,,,,,,,,,,,,,,,,,,,,,,,,,,,,,,,,,,,,,,,,,,,,,,,,,,,,,,,,,,,,,,,,0.0,0.0,0.0,0.0,,
PER,284811689.0,25645377.0,,,,,,,,,,,,,,,,,,,,,,,,,,,,,,,,,,,,,,,,,,,,,,,,,,,,,,,,,,,,,,,,,,,,,,,,,,,,,,,,,,,,,,,,,,,,,,,,,,,,,,,,,,,,,,,,0.0,0.0,0.0,0.0,,
PHL,16880751.0,24658622.0,,,,,,,,,,,,,,,,,,,,,,,,,,,,,,,,,,,,,,,,,,,,,,,,,,,,,,,,,,,,,,,,,,,,,,,,,,,,,,,,,,,,,,,,,,,,,,,,,,,,,,,,,,,,,,,,0.0,0.0,0.0,0.0,,
POL,206518173.0,20427437.0,,,,,,,,,,,,,,,,,,,,,,,,,,,,,,,,,,,,,,,,,,,,,,,,,,,,,,,,,,,,,,,,,,,,,,,,,,,,,,,,,,,,,,,,,,,,,,,,,,,,,,,,,,,,,,,,0.0,0.0,0.0,0.0,,
RUS,,55318.0,,,,,,,,,,,,,,,,,,,,,,,,,,,,,,,,,,,,,,,,,,,,,,,,,,,,,,,,,,,,,,,,,,,,,,,,,,,,,,,,,,,,,,,,,,,,,,,,,,,,,,,,,,,,,,,,0.0,0.0,0.0,0.0,,
RWA,82800885.0,17520140.0,,,,,,,,,,,,,,,,,,,,,,,,,,,,,,,,,,,,,,,,,,,,,,,,,,,,,,,,,,,,,,,,,,,,,,,,,,,,,,,,,,,,,,,,,,,,,,,,,,,,,,,,,,,,,,,,0.0,0.0,0.0,0.0,,
VCT,,4941687.0,,,,,,,,,,,,,,,,,,,,,,,,,,,,,,,,,,,,,,,,,,,,,,,,,,,,,,,,,,,,,,,,,,,,,,,,,,,,,,,,,,,,,,,,,,,,,,,,,,,,,,,,,,,,,,,,0.0,0.0,0.0,0.0,,
SEN,,6656830.0,,,,,,,,,,,,,,,,,,,,,,,,,,,,,,,,,,,,,,,,,,,,,,,,,,,,,,,,,,,,,,,,,,,,,,,,,,,,,,,,,,,,,,,,,,,,,,,,,,,,,,,,,,,,,,,,0.0,0.0,0.0,0.0,,
SRB,,169563.0,,,,,,,,,,,,,,,,,,,,,,,,,,,,,,,,,,,,,,,,,,,,,,,,,,,,,,,,,,,,,,,,,,,,,,,,,,,,,,,,,,,,,,,,,,,,,,,,,,,,,,,,,,,,,,,,0.0,0.0,0.0,0.0,,
SLE,,9072835.0,,,,,,,,,,,,,,,,,,,,,,,,,,,,,,,,,,,,,,,,,,,,,,,,,,,,,,,,,,,,,,,,,,,,,,,,,,,,,,,,,,,,,,,,,,,,,,,,,,,,,,,,,,,,,,,,0.0,0.0,0.0,0.0,,
SLB,,992682.0,,,,,,,,,,,,,,,,,,,,,,,,,,,,,,,,,,,,,,,,,,,,,,,,,,,,,,,,,,,,,,,,,,,,,,,,,,,,,,,,,,,,,,,,,,,,,,,,,,,,,,,,,,,,,,,,0.0,0.0,0.0,0.0,,
SOM,8554300.0,1367292.0,,16010360.0,11584929.0,,7084311.102353,,12884610.0,19796000.778995,,3900000.0,14393433.0,11350948.06615488,9078188.37935606,9734430.7319111,5038210.1220729,6976799.880129419,13795719.0,19927578.98369486,,12579494.0,8100000.0,,2693852.3052612,,8209194.0,11297925.0,,2700000.0,8941880.569348,1927369.083028,6293383.9899354605,5703115.6865804,1848736.574109358,1199999.7981444001,4164717.065,12680547.554658119,,5472932.0,0.0,,0.0,,0.0,0.0,,0.0,0.0,0.0,0.0,0.0,0.0,0.0,0.0,0.0,17939223.0,7459405.0,0.0,7773614.0,,13568073.0,16200128.0,0.0,0.0,47923.0,10053139.0,12461113.0,9070906.0,9032630.0,4672980.0,5299505.0,12343184.0,,15728349.0,13714978.0,5756097.0,0.0,2573686.0,,7574630.0,11356207.0,0.0,3164331.0,47923.0,7049186.0,9123406.0,3626528.0,6260167.0,2756459.0,889795.0,3783372.0,,11545889.0,2700000.0,0.0,0.0,0.0,,0.0,0.0,0.0,0.0,0.0,0.0,0.0,0.0,0.0,0.0,0.0,0.0,,0.0,58650000.0,42.895007065059986,38669986.16850788,28.282150328062734,1.193988770992847,0.08440006866611988
SSD,1694778653.0,713321164.0,,26090956.0,8154819.0,,10179439.0,,34893078.0,31534461.0,,0.0,12611597.0,46911411.0,15788708.0,13524627.0,8386547.0,12779556.0,10694527.0,27932453.0,,16934127.0,6681375.0,,3743997.0,,19842597.0,17758120.0,,8825949.0,9118815.0,13819130.0,1975916.0,2479375.0,1078606.0,2536475.0,6951424.0,13218452.0,,5000000.0,0.0,,0.0,,0.0,0.0,,0.0,0.0,0.0,0.0,0.0,0.0,0.0,0.0,0.0,46450440.0,4055199.0,,8161533.0,,38808575.0,25031179.0,37950.0,16361570.0,680000.0,21672941.0,39879520.0,15241626.0,10000388.0,5838022.0,11905890.0,12729955.0,,25050687.0,26934914.0,3380658.0,,3383660.0,,17782620.0,15448694.0,37950.0,11195727.0,680000.0,14218026.0,8276264.0,1287735.0,2060396.0,428438.0,1899002.0,4100646.0,,11257833.0,3900000.0,0.0,,0.0,,0.0,0.0,0.0,0.0,0.0,0.0,0.0,0.0,0.0,0.0,0.0,0.0,,0.0,0.0,0.0,105131903.0,0.14738368656143827,0.6449909164407372,28.49730472155128
LKA,,23822036.0,,,,,,,,,,,,,,,,,,,,,,,,,,,,,,,,,,,,,,,,,,,,,,,,,,,,,,,,,,,,,,,,,,,,,,,,,,,,,,,,,,,,,,,,,,,,,,,,,,,,,,,,,,,,,,,,0.0,0.0,0.0,0.0,,
SDN,4162518656.0,1630357837.0,,245683764.0,16836897.0,,86019496.86798,,189058111.0,135961576.0,,5490653.0,40859630.0,72838904.0,56489773.0,63587594.0,,29906991.0,83857599.0,187676365.4,,151481714.0,15431448.0,,40583718.86798,,117832082.0,51747298.0,,5490653.0,21160279.0,35419478.0,27725052.0,18169349.0,,19081277.0,21316313.0,93920881.39990725,,14000000.0,0.0,,0.0,,0.0,0.0,,0.0,0.0,0.0,0.0,0.0,,0.0,0.0,0.0,283099158.0,42993391.0,,75302967.0,,233249393.0,188820270.0,,0.0,6512776.0,33519375.0,109043530.0,104650031.0,86302504.0,,116988693.0,108017310.0,,235739196.0,194693358.0,17532456.0,,26604490.0,,148955769.0,87419953.0,,16770078.0,6512776.0,20936101.0,33505155.0,28867622.0,22400710.0,,27961389.0,20201771.0,,113707707.0,20900000.0,0.0,,0.0,,0.0,0.0,,0.0,0.0,0.0,0.0,0.0,0.0,,0.0,0.0,,0.0,171630000.0,0.10527136810395815,343204897.86798,0.21050893850947341,0.8095209456364119,8.63444284009104
SYR,3186585280.0,1166879149.0,,102844416.0,9517977.0,,36875860.0,64395775.0,81561031.0,77093896.0,,0.0,23753778.0,79197852.0,6370016.0,43943506.0,,14368062.0,67014351.0,70136135.0,,66307946.0,4759318.0,,21914005.0,20672763.0,42046244.0,53816199.0,,6020907.0,13487553.0,59398388.0,2866507.0,8330874.0,,4000000.0,17351735.0,42229704.0,,4200000.0,0.0,,0.0,0.0,0.0,0.0,,0.0,0.0,0.0,0.0,0.0,,0.0,0.0,0.0,,,,,,,,,,,,,,,,,,,,,,,,,,,,,,,,,,,,,,,,,,,,,,,,,,,,,,,,,,41500000.0,0.035564951208156344,116073712.0,0.09947363615161005,,
TJK,,80087378.0,,,,,,,,,,,,,,,,,,,,,,,,,,,,,,,,,,,,,,,,,,,,,,,,,,,,,,,,,,,,,,,,,,,,,,,,,,,,,,,,,,,,,,,,,,,,,,,,,,,,,,,,,,,,,,,,0.0,0.0,0.0,0.0,,
TZA,100408210.0,11832303.0,,,,,,,,,,,,,,,,,,,,,,,,,,,,,,,,,,,,,,,,,,,,,,,,,,,,,,,,,,,,,,,,,,,,,,,,,,,,,,,,,,,,,,,,,,,,,,,,,,,,,,,,,,,,,,,,0.0,0.0,0.0,0.0,,
TLS,,11218664.0,,,,,,,,,,,,,,,,,,,,,,,,,,,,,,,,,,,,,,,,,,,,,,,,,,,,,,,,,,,,,,,,,,,,,,,,,,,,,,,,,,,,,,,,,,,,,,,,,,,,,,,,,,,,,,,,0.0,0.0,0.0,0.0,,
TGO,,8641317.0,,,,,,,,,,,,,,,,,,,,,,,,,,,,,,,,,,,,,,,,,,,,,,,,,,,,,,,,,,,,,,,,,,,,,,,,,,,,,,,,,,,,,,,,,,,,,,,,,,,,,,,,,,,,,,,,0.0,0.0,0.0,0.0,,
TTO,19461087.0,829917.0,,,,,,,,,,,,,,,,,,,,,,,,,,,,,,,,,,,,,,,,,,,,,,,,,,,,,,,,,,,,,,,,,,,,,,,,,,,,,,,,,,,,,,,,,,,,,,,,,,,,,,,,,,,,,,,,0.0,0.0,0.0,0.0,,
TUN,,12525051.0,,,,,,,,,,,,,,,,,,,,,,,,,,,,,,,,,,,,,,,,,,,,,,,,,,,,,,,,,,,,,,,,,,,,,,,,,,,,,,,,,,,,,,,,,,,,,,,,,,,,,,,,,,,,,,,,0.0,0.0,0.0,0.0,,
TKM,,272652.0,,,,,,,,,,,,,,,,,,,,,,,,,,,,,,,,,,,,,,,,,,,,,,,,,,,,,,,,,,,,,,,,,,,,,,,,,,,,,,,,,,,,,,,,,,,,,,,,,,,,,,,,,,,,,,,,0.0,0.0,0.0,0.0,,
TUR,740852304.0,32702515.0,,,,,,,,,,,,,,,,,,,,,,,,,,,,,,,,,,,,,,,,,,,,,,,,,,,,,,,,,,,,,,,,,,,,,,,,,,,,,,,,,,,,,,,,,,,,,,,,,,,,,,,,,,,,,,,,0.0,0.0,0.0,0.0,,
UGA,389717749.0,116677657.0,,,,,,,,,,,,,,,,,,,,,,,,,,,,,,,,,,,,,,,,,,,,,,,,,,,,,,,,,,,,,,,,,,,,,,,,,,,,,,,,,,,,,,,,,,,,,,,,,,,,,,,,,,,,,,,,0.0,0.0,0.0,0.0,,
UKR,2633534010.0,1532252401.0,,73111507.0,1313270.0,,5885806.0,,36400464.0,38890297.0,,0.0,,96917021.0,15870265.0,12394723.0,,33566610.0,39614630.0,47804889.0,,42402508.0,784325.0,,4944965.0,,16778707.0,18791020.0,,9742090.0,,63388116.0,10750002.0,4052437.0,,9946985.0,19542480.0,24514696.0,,8500000.0,0.0,,0.0,,0.0,0.0,,0.0,,0.0,0.0,0.0,,0.0,0.0,0.0,88962071.0,1042300.0,0.0,11473945.0,,34930199.0,64459197.0,,0.0,,,135625756.0,24304679.0,16912038.0,,38051461.0,48155121.0,0.0,59642437.0,42114583.0,552391.0,0.0,5810084.0,,15763509.0,20960640.0,,9792643.0,,,45096603.0,14402535.0,4985285.0,,9971188.0,20731753.0,0.0,29932989.0,4800000.0,0.0,0.0,0.0,,0.0,0.0,,0.0,,,0.0,0.0,0.0,,0.0,0.0,0.0,0.0,193600000.0,0.12634994069753133,249902528.0,0.1630948841547321,1.8453715409588265,23.770888384307852
URY,9861588.0,153600.0,,,,,,,,,,,,,,,,,,,,,,,,,,,,,,,,,,,,,,,,,,,,,,,,,,,,,,,,,,,,,,,,,,,,,,,,,,,,,,,,,,,,,,,,,,,,,,,,,,,,,,,,,,,,,,,,0.0,0.0,0.0,0.0,,
UZB,,857952.0,,,,,,,,,,,,,,,,,,,,,,,,,,,,,,,,,,,,,,,,,,,,,,,,,,,,,,,,,,,,,,,,,,,,,,,,,,,,,,,,,,,,,,,,,,,,,,,,,,,,,,,,,,,,,,,,0.0,0.0,0.0,0.0,,
VUT,,690623.0,,,,,,,,,,,,,,,,,,,,,,,,,,,,,,,,,,,,,,,,,,,,,,,,,,,,,,,,,,,,,,,,,,,,,,,,,,,,,,,,,,,,,,,,,,,,,,,,,,,,,,,,,,,,,,,,0.0,0.0,0.0,0.0,,
VEN,606497714.0,118231672.0,,22744440.0,,,7719972.0,,13154508.0,21463005.0,,,2908998.0,20589087.0,3975150.0,5667946.0,,,7312665.0,10162518.0,,15299991.0,,,3601816.0,,6011100.0,10516870.0,,,1875243.0,8999995.0,1836243.0,1232401.0,,,3549513.0,8999990.0,,7802014.0,,,0.0,,0.0,0.0,,,0.0,0.0,0.0,0.0,,,0.0,0.0,23831160.0,,0.0,8272407.0,,13154508.0,21265403.0,,,,3516867.0,18563910.0,4899675.0,5851971.0,,,6792174.0,,11276271.0,15376992.0,,0.0,3724983.0,,6011100.0,10516869.0,,,,2756109.0,2457489.0,2784330.0,1559265.0,,,1632666.0,,8850510.0,2000000.0,,0.0,0.0,,0.0,0.0,,,,0.0,0.0,0.0,0.0,,,0.0,,0.0,0.0,0.0,55145376.0,0.46641796230016974,1.6165866015979768,5.559813112414887
VNM,37218750.0,4335246.0,,,,,,,,,,,,,,,,,,,,,,,,,,,,,,,,,,,,,,,,,,,,,,,,,,,,,,,,,,,,,,,,,,,,,,,,,,,,,,,,,,,,,,,,,,,,,,,,,,,,,,,,,,,,,,,,0.0,0.0,0.0,0.0,,
YEM,2478772922.0,705928116.0,,90913282.0,9053425.0,1160453.0,30796106.0,,88213010.0,88959590.0,,1900402.0,38395977.0,81930735.0,36901417.0,31814435.0,,34885600.0,33633275.0,86813195.0,,56167589.0,3942740.0,1160463.0,15010175.0,,64000008.0,45133196.0,,2932402.0,34341829.0,23009840.0,4382315.0,5330000.0,,2853130.0,8452391.0,36601965.0,,7800000.0,0.0,0.0,0.0,,0.0,0.0,,0.0,0.0,0.0,0.0,0.0,,0.0,0.0,0.0,97701050.0,9303225.0,2599989.0,34139141.0,,85452857.0,98635709.0,0.0,0.0,962586.0,43075535.0,169890290.0,36602295.0,30940065.0,,25490480.0,37448372.0,0.0,76099283.0,52635150.0,3720005.0,2599989.0,9452120.0,,59999991.0,52902005.0,0.0,6603069.0,962586.0,38829100.0,42051210.0,4040309.0,4542500.0,,12735325.0,8875650.0,0.0,32902225.0,5300000.0,0.0,0.0,0.0,,0.0,0.0,0.0,0.0,0.0,0.0,0.0,0.0,0.0,,0.0,0.0,0.0,0.0,43000000.0,0.06091271763426972,316756272.0,0.44870896111367103,1.154270451668217,7.156922335734188
ZMB,90919034.0,18884711.0,,,,,,,,,,,,,,,,,,,,,,,,,,,,,,,,,,,,,,,,,,,,,,,,,,,,,,,,,,,,,,,,,,,,,,,,,,,,,,,,,,,,,,,,,,,,,,,,,,,,,,,,,,,,,,,,0.0,0.0,0.0,0.0,,
ZWE,143095554.0,21829371.0,,,,,,,,,,,,,,,,,,,,,,,,,,,,,,,,,,,,,,,,,,,,,,,,,,,,,,,,,,,,,,,,,,,,,,,,,,,,,,,,,,,,,,,,,,,,,,,,,,,,,,,,,,,,,,,,0.0,0.0,0.0,0.0,,
